{
    "$schema": "https://schema.management.azure.com/schemas/2019-04-01/deploymentTemplate.json#",
    "contentVersion": "1.0.0.0",
    "parameters": {
        "streamingjobs_asa_prod_name": {
            "defaultValue": "asa_prod",
            "type": "String"
        }
    },
    "variables": {},
    "resources": [
        {
            "type": "Microsoft.StreamAnalytics/streamingjobs",
            "apiVersion": "2021-10-01-preview",
            "name": "[parameters('streamingjobs_asa_prod_name')]",
            "location": "West Europe",
            "tags": {
                "hidden-link:/Microsoft.StreamAnalytics/streamingjobs/settings": "{\"createdFrom\":\"Portal\"}"
            },
            "sku": {
                "name": "StandardV2",
                "capacity": 10
            },
            "properties": {
                "sku": {
                    "name": "StandardV2"
                },
                "outputStartMode": "JobStartTime",
                "outputStartTime": "2024-02-23T17:23:30.433Z",
                "eventsOutOfOrderPolicy": "Adjust",
                "outputErrorPolicy": "Stop",
                "eventsOutOfOrderMaxDelayInSeconds": 0,
                "eventsLateArrivalMaxDelayInSeconds": 5,
                "dataLocale": "en-US",
                "compatibilityLevel": "1.2",
                "contentStoragePolicy": "SystemAccount",
                "jobType": "Cloud"
            }
        },
        {
            "type": "Microsoft.StreamAnalytics/streamingjobs/inputs",
            "apiVersion": "2021-10-01-preview",
            "name": "[concat(parameters('streamingjobs_asa_prod_name'), '/iot-mvm111')]",
            "dependsOn": [
                "[resourceId('Microsoft.StreamAnalytics/streamingjobs', parameters('streamingjobs_asa_prod_name'))]"
            ],
            "properties": {
                "type": "Stream",
                "datasource": {
                    "type": "Microsoft.Devices/IotHubs",
                    "properties": {
                        "iotHubNamespace": "iot-mvm111",
                        "sharedAccessPolicyName": "iothubowner",
                        "endpoint": "messages/events",
                        "consumerGroupName": "$Default"
                    }
                },
                "compression": {
                    "type": "None"
                },
                "serialization": {
                    "type": "Json",
                    "properties": {
                        "encoding": "UTF8"
                    }
                }
            }
        },
        {
            "type": "Microsoft.StreamAnalytics/streamingjobs/outputs",
            "apiVersion": "2021-10-01-preview",
            "name": "[concat(parameters('streamingjobs_asa_prod_name'), '/device-error')]",
            "dependsOn": [
                "[resourceId('Microsoft.StreamAnalytics/streamingjobs', parameters('streamingjobs_asa_prod_name'))]"
            ],
            "properties": {
                "datasource": {
                    "type": "Microsoft.Storage/Blob",
                    "properties": {
                        "blobWriteMode": "Append",
                        "storageAccounts": [
                            {
                                "accountName": "product1410"
                            }
                        ],
                        "container": "device-error",
                        "dateFormat": "yyyy/MM/dd",
                        "timeFormat": "HH",
                        "authenticationMode": "ConnectionString"
                    }
                },
                "serialization": {
                    "type": "Json",
                    "properties": {
                        "encoding": "UTF8",
                        "format": "LineSeparated"
                    }
                }
            }
        },
        {
            "type": "Microsoft.StreamAnalytics/streamingjobs/outputs",
            "apiVersion": "2021-10-01-preview",
            "name": "[concat(parameters('streamingjobs_asa_prod_name'), '/produkt-kpi')]",
            "dependsOn": [
                "[resourceId('Microsoft.StreamAnalytics/streamingjobs', parameters('streamingjobs_asa_prod_name'))]"
            ],
            "properties": {
                "datasource": {
                    "type": "Microsoft.Storage/Blob",
                    "properties": {
                        "blobWriteMode": "Append",
                        "storageAccounts": [
                            {
                                "accountName": "product1410"
                            }
                        ],
                        "container": "produkt-kpi",
                        "dateFormat": "yyyy/MM/dd",
                        "timeFormat": "HH",
                        "authenticationMode": "ConnectionString"
                    }
                },
                "serialization": {
                    "type": "Json",
                    "properties": {
                        "encoding": "UTF8",
                        "format": "LineSeparated"
                    }
                }
            }
        },
        {
            "type": "Microsoft.StreamAnalytics/streamingjobs/outputs",
            "apiVersion": "2021-10-01-preview",
            "name": "[concat(parameters('streamingjobs_asa_prod_name'), '/temperature-info')]",
            "dependsOn": [
                "[resourceId('Microsoft.StreamAnalytics/streamingjobs', parameters('streamingjobs_asa_prod_name'))]"
            ],
            "properties": {
                "datasource": {
                    "type": "Microsoft.Storage/Blob",
                    "properties": {
                        "blobWriteMode": "Append",
                        "storageAccounts": [
                            {
                                "accountName": "product1410"
                            }
                        ],
                        "container": "temperature-info",
                        "dateFormat": "yyyy/MM/dd",
                        "timeFormat": "HH",
                        "authenticationMode": "ConnectionString"
                    }
                },
                "serialization": {
                    "type": "Json",
                    "properties": {
                        "encoding": "UTF8",
                        "format": "LineSeparated"
                    }
                }
            }
        }
    ]
}